symbol,state,country,element,number,president
NE,Nebraska,Niger (the),Neon (Ne),10,John Tyler
AL,Alabama,Albania,Aluminium (Al),13,Millard Fillmore
AR,Arkansas,Argentina,Argon (Ar),18,Ulysses S. Grant
CA,California,Canada,Calcium (Ca),20,James A. Garfield
SC,South Carolina,Seychelles,Scandium (Sc),21,Chester A. Arthur
MN,Minnesota,Mongolia,Manganese (Mn),25,William McKinley
CO,Colorado,Colombia,Cobalt (Co),27,William Howard Taft
GA,Georgia,Gabon,Gallium (Ga),31,Herbert Hoover
AS,American Samoa,American Samoa,Arsenic (As),33,Harry S. Truman
MO,Missouri,Macao,Molybdenum (Mo),42,Bill Clinton
LI,,Liechtenstein,Lithium (Li),3,Thomas Jefferson
BE,,Belgium,Beryllium (Be),4,James Madison
NA,,Namibia,Sodium (Na),11,James K. Polk
MG,,Madagascar,Magnesium (Mg),12,Zachary Taylor
SI,,Slovenia,Silicon (Si),14,Franklin Pierce
CL,,Chile,Chlorine (Cl),17,Andrew Johnson
CR,,Costa Rica,Chromium (Cr),24,Grover Cleveland (2nd term)
NI,,Nicaragua,Nickel (Ni),28,Woodrow Wilson
CU,,Cuba,Copper (Cu),29,Warren G. Harding
GE,,Georgia,Germanium (Ge),32,Franklin D. Roosevelt
SE,,Sweden,Selenium (Se),34,Dwight D. Eisenhower
BR,,Brazil,Bromine (Br),35,John F. Kennedy
KR,,Korea (the Republic of),Krypton (Kr),36,Lyndon B. Johnson
SR,,Suriname,Strontium (Sr),38,Gerald Ford
TC,,Turks and Caicos Islands (the),Technetium (Tc),43,George W. Bush
RU,,Russian Federation (the),Ruthenium (Ru),44,Barack Obama
IN,Indiana,India,Indium (In),49,
LA,Louisiana,Lao People's Democratic Republic (the),Lanthanum (La),57,
PR,Puerto Rico,Puerto Rico,Praseodymium (Pr),59,
PA,Pennsylvania,Panama,Protactinium (Pa),91,
MD,Maryland,Moldova (the Republic of),Mendelevium (Md),101,
MT,Montana,Malta,Meitnerium (Mt),109,
H,,,Hydrogen,1,George Washington
He,,,Helium,2,John Adams
B,,,Boron,5,James Monroe
C,,,Carbon,6,John Quincy Adams
N,,,Nitrogen,7,Andrew Jackson
O,,,Oxygen,8,Martin Van Buren
F,,,Fluorine,9,William Henry Harrison
P,,,Phosphorus,15,James Buchanan
S,,,Sulfur,16,Abraham Lincoln
K,,,Potassium,19,Rutherford B. Hayes
Ti,,,Titanium,22,Grover Cleveland
V,,,Vanadium,23,Benjamin Harrison
Fe,,,Iron,26,Theodore Roosevelt
Zn,,,Zinc,30,Calvin Coolidge
Rb,,,Rubidium,37,Richard Nixon
Y,,,Yttrium,39,Jimmy Carter
Zr,,,Zirconium,40,Ronald Reagan
Nb,,,Niobium,41,George H. W. Bush
Rh,,,Rhodium,45,Donald Trump
Pd,,,Palladium,46,Joe Biden
AG,,Antigua and Barbuda,Silver (Ag),47,
CD,,Congo (the Democratic Republic of the),Cadmium (Cd),48,
SN,,Senegal,Tin (Sn),50,
SB,,Solomon Islands,Antimony (Sb),51,
BA,,Bosnia and Herzegovina,Barium (Ba),56,
ND,North Dakota,,Neodymium (Nd),60,
PM,,Saint Pierre and Miquelon,Promethium (Pm),61,
SM,,San Marino,Samarium (Sm),62,
GD,,Grenada,Gadolinium (Gd),64,
ER,,Eritrea,Erbium (Er),68,
TM,,Turkmenistan,Thulium (Tm),69,
LU,,Luxembourg,Lutetium (Lu),71,
RE,,Réunion,Rhenium (Re),75,
IR,,Iran (Islamic Republic of),Iridium (Ir),77,
PT,,Portugal,Platinum (Pt),78,
AU,,Australia,Gold (Au),79,
TL,,Timor-Leste,Thallium (Tl),81,
BI,,Burundi,Bismuth (Bi),83,
AT,,Austria,Astatine (At),85,
FR,,France,Francium (Fr),87,
TH,,Thailand,Thorium (Th),90,
NP,,Nepal,Neptunium (Np),93,
AM,,Armenia,Americium (Am),95,
CM,,Cameroon,Curium (Cm),96,
CF,,Central African Republic (the),Californium (Cf),98,
ES,,Spain,Einsteinium (Es),99,
FM,,Micronesia (Federated States of),Fermium (Fm),100,
NO,,Norway,Nobelium (No),102,
LR,,Liberia,Lawrencium (Lr),103,
SG,,Singapore,Seaborgium (Sg),106,
BH,,Bahrain,Bohrium (Bh),107,
CN,,China,Copernicium (Cn),112,
NH,New Hampshire,,Nihonium (Nh),113,
FL,Florida,,Flerovium (Fl),114,
MC,,Monaco,Moscovium (Mc),115,
LV,,Latvia,Livermorium (Lv),116,
Te,,,Tellurium,52,
I,,,Iodine,53,
Xe,,,Xenon,54,
Cs,,,Caesium,55,
Ce,,,Cerium,58,
Eu,,,Europium,63,
Tb,,,Terbium,65,
Dy,,,Dysprosium,66,
Ho,,,Holmium,67,
Yb,,,Ytterbium,70,
Hf,,,Hafnium,72,
Ta,,,Tantalum,73,
W,,,Tungsten,74,
Os,,,Osmium,76,
Hg,,,Mercury,80,
Pb,,,Lead,82,
Po,,,Polonium,84,
Rn,,,Radon,86,
Ra,,,Radium,88,
Ac,,,Actinium,89,
U,,,Uranium,92,
Pu,,,Plutonium,94,
Bk,,,Berkelium,97,
Rf,,,Rutherfordium,104,
Db,,,Dubnium,105,
Hs,,,Hassium,108,
Ds,,,Darmstadtium,110,
Rg,,,Roentgenium,111,
Ts,,,Tennessine,117,
Og,,,Oganesson,118,
AZ,Arizona,Azerbaijan,,,
DE,Delaware,Germany,,,
GU,Guam,Guam,,,
ID,Idaho,Indonesia,,,
IL,Illinois,Israel,,,
KY,Kentucky,Cayman Islands (the),,,
MA,Massachusetts,Morocco,,,
ME,Maine,Montenegro,,,
MP,Northern Mariana Islands,Northern Mariana Islands (the),,,
MS,Mississippi,Montserrat,,,
NC,North Carolina,New Caledonia,,,
SD,South Dakota,Sudan (the),,,
TN,Tennessee,Tunisia,,,
UM,U.S. Minor Outlying Islands,United States Minor Outlying Islands (the),,,
VA,Virginia,Holy See (the),,,
VI,U.S. Virgin Islands,Virgin Islands (U.S.),,,
AD,,Andorra,,,
AE,,United Arab Emirates (the),,,
AF,,Afghanistan,,,
AI,,Anguilla,,,
AK,Alaska,,,,
AO,,Angola,,,
AQ,,Antarctica,,,
AW,,Aruba,,,
AX,,Åland Islands,,,
BB,,Barbados,,,
BD,,Bangladesh,,,
BF,,Burkina Faso,,,
BG,,Bulgaria,,,
BJ,,Benin,,,
BL,,Saint Barthélemy,,,
BM,,Bermuda,,,
BN,,Brunei Darussalam,,,
BO,,Bolivia (Plurinational State of),,,
BQ,,"Bonaire, Sint Eustatius and Saba",,,
BS,,Bahamas (the),,,
BT,,Bhutan,,,
BV,,Bouvet Island,,,
BW,,Botswana,,,
BY,,Belarus,,,
BZ,,Belize,,,
CC,,Cocos (Keeling) Islands (the),,,
CG,,Congo (the),,,
CH,,Switzerland,,,
CI,,Côte d'Ivoire,,,
CK,,Cook Islands (the),,,
CT,Connecticut,,,,
CV,,Cabo Verde,,,
CW,,Curaçao,,,
CX,,Christmas Island,,,
CY,,Cyprus,,,
CZ,,Czechia,,,
DC,District of Columbia,,,,
DJ,,Djibouti,,,
DK,,Denmark,,,
DM,,Dominica,,,
DO,,Dominican Republic (the),,,
DZ,,Algeria,,,
EC,,Ecuador,,,
EE,,Estonia,,,
EG,,Egypt,,,
EH,,Western Sahara*,,,
ET,,Ethiopia,,,
FI,,Finland,,,
FJ,,Fiji,,,
FK,,Falkland Islands (the) [Malvinas],,,
FO,,Faroe Islands (the),,,
GB,,United Kingdom of Great Britain and Northern Ireland (the),,,
GF,,French Guiana,,,
GG,,Guernsey,,,
GH,,Ghana,,,
GI,,Gibraltar,,,
GL,,Greenland,,,
GM,,Gambia (the),,,
GN,,Guinea,,,
GP,,Guadeloupe,,,
GQ,,Equatorial Guinea,,,
GR,,Greece,,,
GS,,South Georgia and the South Sandwich Islands,,,
GT,,Guatemala,,,
GW,,Guinea-Bissau,,,
GY,,Guyana,,,
HI,Hawaii,,,,
HK,,Hong Kong,,,
HM,,Heard Island and McDonald Islands,,,
HN,,Honduras,,,
HR,,Croatia,,,
HT,,Haiti,,,
HU,,Hungary,,,
IA,Iowa,,,,
IE,,Ireland,,,
IM,,Isle of Man,,,
IO,,British Indian Ocean Territory (the),,,
IQ,,Iraq,,,
IS,,Iceland,,,
IT,,Italy,,,
JE,,Jersey,,,
JM,,Jamaica,,,
JO,,Jordan,,,
JP,,Japan,,,
KE,,Kenya,,,
KG,,Kyrgyzstan,,,
KH,,Cambodia,,,
KI,,Kiribati,,,
KM,,Comoros (the),,,
KN,,Saint Kitts and Nevis,,,
KP,,Korea (the Democratic People's Republic of),,,
KS,Kansas,,,,
KW,,Kuwait,,,
KZ,,Kazakhstan,,,
LB,,Lebanon,,,
LC,,Saint Lucia,,,
LK,,Sri Lanka,,,
LS,,Lesotho,,,
LT,,Lithuania,,,
LY,,Libya,,,
MF,,Saint Martin (French part),,,
MH,,Marshall Islands (the),,,
MI,Michigan,,,,
MK,,North Macedonia,,,
ML,,Mali,,,
MM,,Myanmar,,,
MQ,,Martinique,,,
MR,,Mauritania,,,
MU,,Mauritius,,,
MV,,Maldives,,,
MW,,Malawi,,,
MX,,Mexico,,,
MY,,Malaysia,,,
MZ,,Mozambique,,,
NF,,Norfolk Island,,,
NG,,Nigeria,,,
NJ,New Jersey,,,,
NL,,Netherlands (the),,,
NM,New Mexico,,,,
NR,,Nauru,,,
NU,,Niue,,,
NV,Nevada,,,,
NY,New York,,,,
NZ,,New Zealand,,,
OH,Ohio,,,,
OK,Oklahoma,,,,
OM,,Oman,,,
OR,Oregon,,,,
PE,,Peru,,,
PF,,French Polynesia,,,
PG,,Papua New Guinea,,,
PH,,Philippines (the),,,
PK,,Pakistan,,,
PL,,Poland,,,
PN,,Pitcairn,,,
PS,,"Palestine, State of",,,
PW,,Palau,,,
PY,,Paraguay,,,
QA,,Qatar,,,
RI,Rhode Island,,,,
RO,,Romania,,,
RS,,Serbia,,,
RW,,Rwanda,,,
SA,,Saudi Arabia,,,
SH,,"Saint Helena, Ascension and Tristan da Cunha",,,
SJ,,Svalbard and Jan Mayen,,,
SK,,Slovakia,,,
SL,,Sierra Leone,,,
SO,,Somalia,,,
SS,,South Sudan,,,
ST,,Sao Tome and Principe,,,
SV,,El Salvador,,,
SX,,Sint Maarten (Dutch part),,,
SY,,Syrian Arab Republic (the),,,
SZ,,Eswatini,,,
TD,,Chad,,,
TF,,French Southern Territories (the),,,
TG,,Togo,,,
TJ,,Tajikistan,,,
TK,,Tokelau,,,
TO,,Tonga,,,
TR,,Turkey,,,
TT,,Trinidad and Tobago,,,
TV,,Tuvalu,,,
TW,,Taiwan (Province of China),,,
TX,Texas,,,,
TZ,,"Tanzania, the United Republic of",,,
UA,,Ukraine,,,
UG,,Uganda,,,
US,,United States of America (the),,,
UT,Utah,,,,
UY,,Uruguay,,,
UZ,,Uzbekistan,,,
VC,,Saint Vincent and the Grenadines,,,
VE,,Venezuela (Bolivarian Republic of),,,
VG,,Virgin Islands (British),,,
VN,,Viet Nam,,,
VT,Vermont,,,,
VU,,Vanuatu,,,
WA,Washington,,,,
WF,,Wallis and Futuna,,,
WI,Wisconsin,,,,
WS,,Samoa,,,
WV,West Virginia,,,,
WY,Wyoming,,,,
YE,,Yemen,,,
YT,,Mayotte,,,
ZA,,South Africa,,,
ZM,,Zambia,,,
ZW,,Zimbabwe,,,
